why_imaging_not_available,count,proportion
Patient forgot to bring discs,20,0.13157894736842105
Not relevant,15,0.09868421052631579
Other,6,0.039473684210526314
Family forgot to bring,1,0.006578947368421052
Imaging available,1,0.006578947368421052
Penn/Ambra system error/delay,1,0.006578947368421052
Front desk error/delay,1,0.006578947368421052
