why_imaging_not_available,count,proportion
Not relevant,8,0.06451612903225806
Patient forgot to bring discs,6,0.04838709677419355
Other,2,0.016129032258064516
Family forgot to bring,1,0.008064516129032258
Imaging available,1,0.008064516129032258
