why_imaging_not_available,count,proportion
Patient forgot to bring discs,17,0.11643835616438356
Not relevant,12,0.0821917808219178
Other,6,0.0410958904109589
Family forgot to bring,1,0.00684931506849315
Imaging available,1,0.00684931506849315
Penn/Ambra system error/delay,1,0.00684931506849315
Front desk error/delay,1,0.00684931506849315
